INSERT INTO ESTILO (CODIGO, NOME) VALUES (1, 'ESTILO 01');
INSERT INTO ESTILO (CODIGO, NOME) VALUES (2, 'ESTILO 02');
INSERT INTO ESTILO (CODIGO, NOME) VALUES (3, 'ESTILO 03');
INSERT INTO ESTILO (CODIGO, NOME) VALUES (4, 'ESTILO 04');

INSERT INTO CERVEJA (CODIGO, SKU, NOME, DESCRICAO, VALOR, TEOR_ALCOOLICO, COMISSAO, SABOR, ORIGEM, CODIGO_ESTILO, QUANTIDADE_ESTOQUE, FOTO, CONTENT_TYPE)
VALUES (1, 'SKU_01', 'CERVEJA_01', 'DES_01', 1, 1, 1, 'SABOR_01', 'ORIGEM_01', 1, 10, 'FOTO_01', 'CONTEXTO_01');
INSERT INTO CERVEJA (CODIGO, SKU, NOME, DESCRICAO, VALOR, TEOR_ALCOOLICO, COMISSAO, SABOR, ORIGEM, CODIGO_ESTILO, QUANTIDADE_ESTOQUE, FOTO, CONTENT_TYPE)
VALUES (2, 'SKU_02', 'CERVEJA_02', 'DES_2', 2, 2, 2, 'SABOR_02', 'ORIGEM_02', 2, 20, 'FOTO_02', 'CONTEXTO_02');
INSERT INTO CERVEJA (CODIGO, SKU, NOME, DESCRICAO, VALOR, TEOR_ALCOOLICO, COMISSAO, SABOR, ORIGEM, CODIGO_ESTILO, QUANTIDADE_ESTOQUE, FOTO, CONTENT_TYPE)
VALUES (3, 'SKU_03', 'CERVEJA_03', 'DES_3', 3, 3, 3, 'SABOR_03', 'ORIGEM_03', 3, 30, 'FOTO_03', 'CONTEXTO_03');
INSERT INTO CERVEJA (CODIGO, SKU, NOME, DESCRICAO, VALOR, TEOR_ALCOOLICO, COMISSAO, SABOR, ORIGEM, CODIGO_ESTILO, QUANTIDADE_ESTOQUE, FOTO, CONTENT_TYPE)
VALUES (4, 'SKU_04', 'CERVEJA_04', 'DES_4', 4, 4, 4, 'SABOR_04', 'ORIGEM_04', 3, 30, 'FOTO_04', 'CONTEXTO_04');

INSERT INTO USUARIO (CODIGO, NOME, EMAIL, SENHA, ATIVO, DATA_NASCIMENTO)
VALUES (1, 'USUARIO_01', 'EMAIL_01', 'SENHA_01', 'S', '01/01/1990');
INSERT INTO USUARIO (CODIGO, NOME, EMAIL, SENHA, ATIVO, DATA_NASCIMENTO)
VALUES (2, 'USUARIO_02', 'EMAIL_02', 'SENHA_02', 'S', '02/02/1990');
INSERT INTO USUARIO (CODIGO, NOME, EMAIL, SENHA, ATIVO, DATA_NASCIMENTO)
VALUES (3, 'USUARIO_03', 'EMAIL_03', 'SENHA_03', 'N', '03/03/1990');
INSERT INTO USUARIO (CODIGO, NOME, EMAIL, SENHA, ATIVO, DATA_NASCIMENTO)
VALUES (4, 'USUARIO_04', 'EMAIL_04', 'SENHA_04', 'N', '04/04/1990');

INSERT INTO ESTADO (CODIGO, NOME, SIGLA) VALUES (1, 'MATO GROSSO', 'MT');
INSERT INTO ESTADO (CODIGO, NOME, SIGLA) VALUES (2, 'SÃO PAULO', 'SP');
INSERT INTO ESTADO (CODIGO, NOME, SIGLA) VALUES (3, 'RIO DE JANEIRO', 'RJ');
INSERT INTO ESTADO (CODIGO, NOME, SIGLA) VALUES (4, 'SANTA CATARINA', 'SC');

INSERT INTO CIDADE (CODIGO, NOME, CODIGO_ESTADO) VALUES (1, 'CUIABA', 1);
INSERT INTO CIDADE (CODIGO, NOME, CODIGO_ESTADO) VALUES (2, 'SAO PAULO', 2);
INSERT INTO CIDADE (CODIGO, NOME, CODIGO_ESTADO) VALUES (3, 'RIO DE JANEIRO', 3);
INSERT INTO CIDADE (CODIGO, NOME, CODIGO_ESTADO) VALUES (4, 'FLORIANOPOLIS', 4);

INSERT INTO CLIENTE (CODIGO, NOME, TIPO_PESSOA, CPF_CNPJ, TELEFONE, EMAIL, LOGRADOURO, NUMERO, COMPLEMENTO, CEP, CODIGO_CIDADE)
VALUES (1, 'CLIENTE_01', 'TIPO_01', '11111111111', '91111-1111', 'EMAIL_01@HOTMAIL.COM', 'LOGRADOURO_01', 'NUMERO_01', 'COMPLE_01', 'CEP_01', 1);
INSERT INTO CLIENTE (CODIGO, NOME, TIPO_PESSOA, CPF_CNPJ, TELEFONE, EMAIL, LOGRADOURO, NUMERO, COMPLEMENTO, CEP, CODIGO_CIDADE)
VALUES (2, 'CLIENTE_02', 'TIPO_02', '22222222222', '91111-1111', 'EMAIL_02@HOTMAIL.COM', 'LOGRADOURO_02', 'NUMERO_02', 'COMPLE_02', 'CEP_02', 2);
INSERT INTO CLIENTE (CODIGO, NOME, TIPO_PESSOA, CPF_CNPJ, TELEFONE, EMAIL, LOGRADOURO, NUMERO, COMPLEMENTO, CEP, CODIGO_CIDADE)
VALUES (3, 'CLIENTE_03', 'TIPO_02', '33333333333', '91111-1111', 'EMAIL_03@HOTMAIL.COM', 'LOGRADOURO_03', 'NUMERO_03', 'COMPLE_03', 'CEP_03', 3);
INSERT INTO CLIENTE (CODIGO, NOME, TIPO_PESSOA, CPF_CNPJ, TELEFONE, EMAIL, LOGRADOURO, NUMERO, COMPLEMENTO, CEP, CODIGO_CIDADE)
VALUES (4, 'CLIENTE_04', 'TIPO_04', '44444444444', '91111-1111', 'EMAIL_04@HOTMAIL.COM', 'LOGRADOURO_04', 'NUMERO_04', 'COMPLE_03', 'CEP_04', 4);

INSERT INTO VENDA (CODIGO, DATA_CRIACAO, VALOR_FRETE, VALOR_DESCONTO, VALOR_TOTAL, STATUS, OBSERVACAO, DATA_HORA_ENTREGA, CODIGO_CLIENTE, CODIGO_USUARIO)
VALUES (1, '01/11/2019', 10, 1, 10, 'C', 'OBS_01', '01/11/2019', 1, 1);
INSERT INTO VENDA (CODIGO, DATA_CRIACAO, VALOR_FRETE, VALOR_DESCONTO, VALOR_TOTAL, STATUS, OBSERVACAO, DATA_HORA_ENTREGA, CODIGO_CLIENTE, CODIGO_USUARIO)
VALUES (2, '02/11/2019', 20, 2, 20, 'C', 'OBS_02', '02/11/2019', 2, 2);
INSERT INTO VENDA (CODIGO, DATA_CRIACAO, VALOR_FRETE, VALOR_DESCONTO, VALOR_TOTAL, STATUS, OBSERVACAO, DATA_HORA_ENTREGA, CODIGO_CLIENTE, CODIGO_USUARIO)
VALUES (3, '03/11/2019', 30, 3, 30, 'P', 'OBS_03', '03/11/2019', 3, 3);
INSERT INTO VENDA (CODIGO, DATA_CRIACAO, VALOR_FRETE, VALOR_DESCONTO, VALOR_TOTAL, STATUS, OBSERVACAO, DATA_HORA_ENTREGA, CODIGO_CLIENTE, CODIGO_USUARIO)
VALUES (4, '04/11/2019', 40, 4, 40, 'P', 'OBS_04', '04/11/2019', 4, 4);

INSERT INTO ITEM_VENDA (CODIGO, QUANTIDADE, VALOR_UNITARIO, CODIGO_CERVEJA, CODIGO_VENDA) VALUES (1, 10, 10, 1, 1);
INSERT INTO ITEM_VENDA (CODIGO, QUANTIDADE, VALOR_UNITARIO, CODIGO_CERVEJA, CODIGO_VENDA) VALUES (2, 20, 20, 2, 2);
INSERT INTO ITEM_VENDA (CODIGO, QUANTIDADE, VALOR_UNITARIO, CODIGO_CERVEJA, CODIGO_VENDA) VALUES (3, 30, 30, 3, 3);
INSERT INTO ITEM_VENDA (CODIGO, QUANTIDADE, VALOR_UNITARIO, CODIGO_CERVEJA, CODIGO_VENDA) VALUES (4, 40, 40, 4, 4);

INSERT INTO PERMISSAO (CODIGO, NOME) VALUES (1, 'PERMISSAO_01');
INSERT INTO PERMISSAO (CODIGO, NOME) VALUES (2, 'PERMISSAO_02');
INSERT INTO PERMISSAO (CODIGO, NOME) VALUES (3, 'PERMISSAO_03');
INSERT INTO PERMISSAO (CODIGO, NOME) VALUES (4, 'PERMISSAO_04');

INSERT INTO GRUPO (CODIGO, NOME) VALUES (1, 'GRUPO_01');
INSERT INTO GRUPO (CODIGO, NOME) VALUES (2, 'GRUPO_02');
INSERT INTO GRUPO (CODIGO, NOME) VALUES (3, 'GRUPO_03');
INSERT INTO GRUPO (CODIGO, NOME) VALUES (4, 'GRUPO_04');

INSERT INTO GRUPO_PERMISSAO (CODIGO_GRUPO, CODIGO_PERMISSAO) VALUES (1, 1);
INSERT INTO GRUPO_PERMISSAO (CODIGO_GRUPO, CODIGO_PERMISSAO) VALUES (2, 2);
INSERT INTO GRUPO_PERMISSAO (CODIGO_GRUPO, CODIGO_PERMISSAO) VALUES (3, 3);
INSERT INTO GRUPO_PERMISSAO (CODIGO_GRUPO, CODIGO_PERMISSAO) VALUES (4, 4);

INSERT INTO USUARIO_GRUPO (CODIGO_USUARIO, CODIGO_GRUPO) VALUES (1, 1);
INSERT INTO USUARIO_GRUPO (CODIGO_USUARIO, CODIGO_GRUPO) VALUES (2, 2);
INSERT INTO USUARIO_GRUPO (CODIGO_USUARIO, CODIGO_GRUPO) VALUES (3, 3);
INSERT INTO USUARIO_GRUPO (CODIGO_USUARIO, CODIGO_GRUPO) VALUES (4, 4);
